,0,path
259,(VGSI Angle 3.00/TCH 68).,https://flightaware.com/resources/airport/KDEN/IAP/ILS+OR+LOC+RWY+07/pdf
278,GS 3.00°,https://flightaware.com/resources/airport/KDEN/IAP/ILS+OR+LOC+RWY+07/pdf
279,TCH 55,https://flightaware.com/resources/airport/KDEN/IAP/ILS+OR+LOC+RWY+07/pdf
293,GS 3.00°,https://flightaware.com/resources/airport/KDEN/IAP/ILS+OR+LOC+RWY+08/pdf
294,TCH 52,https://flightaware.com/resources/airport/KDEN/IAP/ILS+OR+LOC+RWY+08/pdf
298,(VGSI Angle 3.00/TCH 70).,https://flightaware.com/resources/airport/KDEN/IAP/ILS+OR+LOC+RWY+08/pdf
189,(VGSI Angle 3.00/TCH 71).,https://flightaware.com/resources/airport/KDEN/IAP/ILS+OR+LOC+RWY+16L/pdf
322,GS 3.00°,https://flightaware.com/resources/airport/KDEN/IAP/ILS+OR+LOC+RWY+16L/pdf
323,TCH 60,https://flightaware.com/resources/airport/KDEN/IAP/ILS+OR+LOC+RWY+16L/pdf
205,(VGSI Angle 3.00/TCH 71).,https://flightaware.com/resources/airport/KDEN/IAP/ILS+OR+LOC+RWY+16R/pdf
315,GS 3.00°,https://flightaware.com/resources/airport/KDEN/IAP/ILS+OR+LOC+RWY+16R/pdf
316,TCH 55,https://flightaware.com/resources/airport/KDEN/IAP/ILS+OR+LOC+RWY+16R/pdf
361,(VGSI Angle 3.00/TCH 66).,https://flightaware.com/resources/airport/KDEN/IAP/ILS+OR+LOC+RWY+17L/pdf
400,GS 3.00°,https://flightaware.com/resources/airport/KDEN/IAP/ILS+OR+LOC+RWY+17L/pdf
401,TCH 48,https://flightaware.com/resources/airport/KDEN/IAP/ILS+OR+LOC+RWY+17L/pdf
224,GS 3.00°,https://flightaware.com/resources/airport/KDEN/IAP/ILS+OR+LOC+RWY+17R/pdf
225,TCH 60,https://flightaware.com/resources/airport/KDEN/IAP/ILS+OR+LOC+RWY+17R/pdf
319,(VGSI Angle 3.00/TCH 69).,https://flightaware.com/resources/airport/KDEN/IAP/ILS+OR+LOC+RWY+17R/pdf
245,(VGSI Angle 3.00/TCH 83).,https://flightaware.com/resources/airport/KDEN/IAP/ILS+OR+LOC+RWY+25/pdf
259,GS 3.00°,https://flightaware.com/resources/airport/KDEN/IAP/ILS+OR+LOC+RWY+25/pdf
260,TCH 55,https://flightaware.com/resources/airport/KDEN/IAP/ILS+OR+LOC+RWY+25/pdf
178,(VGSI Angle 3.00/TCH 70).,https://flightaware.com/resources/airport/KDEN/IAP/ILS+OR+LOC+RWY+26/pdf
217,GS 3.00°,https://flightaware.com/resources/airport/KDEN/IAP/ILS+OR+LOC+RWY+26/pdf
218,TCH 55,https://flightaware.com/resources/airport/KDEN/IAP/ILS+OR+LOC+RWY+26/pdf
93,(VGSI Angle 3.00/TCH 70).,https://flightaware.com/resources/airport/KDEN/IAP/ILS+OR+LOC+RWY+34L/pdf
139,GS 3.00°,https://flightaware.com/resources/airport/KDEN/IAP/ILS+OR+LOC+RWY+34L/pdf
140,TCH 50,https://flightaware.com/resources/airport/KDEN/IAP/ILS+OR+LOC+RWY+34L/pdf
329,(VGSI Angle 3.00/TCH 63).,https://flightaware.com/resources/airport/KDEN/IAP/ILS+OR+LOC+RWY+34R/pdf
376,GS 3.00°,https://flightaware.com/resources/airport/KDEN/IAP/ILS+OR+LOC+RWY+34R/pdf
377,TCH 59,https://flightaware.com/resources/airport/KDEN/IAP/ILS+OR+LOC+RWY+34R/pdf
314,(VGSI Angle 3.00/TCH 71).,https://flightaware.com/resources/airport/KDEN/IAP/ILS+OR+LOC+RWY+35L/pdf
367,GS 3.00°,https://flightaware.com/resources/airport/KDEN/IAP/ILS+OR+LOC+RWY+35L/pdf
368,TCH 57,https://flightaware.com/resources/airport/KDEN/IAP/ILS+OR+LOC+RWY+35L/pdf
328,(VGSI Angle 3.00/TCH 66).,https://flightaware.com/resources/airport/KDEN/IAP/ILS+OR+LOC+RWY+35R/pdf
363,GS 3.00°,https://flightaware.com/resources/airport/KDEN/IAP/ILS+OR+LOC+RWY+35R/pdf
364,TCH 59,https://flightaware.com/resources/airport/KDEN/IAP/ILS+OR+LOC+RWY+35R/pdf
266,(VGSI Angle 3.00/TCH 70).,https://flightaware.com/resources/airport/KDEN/IAP/ILS+RWY+34L+(CAT+II+-+III)/pdf
281,GS 3.00°,https://flightaware.com/resources/airport/KDEN/IAP/ILS+RWY+34L+(CAT+II+-+III)/pdf
282,TCH 50,https://flightaware.com/resources/airport/KDEN/IAP/ILS+RWY+34L+(CAT+II+-+III)/pdf
331,(VGSI Angle 3.00/TCH 70).,https://flightaware.com/resources/airport/KDEN/IAP/ILS+RWY+34L+(SA+CAT+I)/pdf
379,GS 3.00°,https://flightaware.com/resources/airport/KDEN/IAP/ILS+RWY+34L+(SA+CAT+I)/pdf
380,TCH 50,https://flightaware.com/resources/airport/KDEN/IAP/ILS+RWY+34L+(SA+CAT+I)/pdf
363,(VGSI Angle 3.00/TCH 63).,https://flightaware.com/resources/airport/KDEN/IAP/ILS+RWY+34R+(CAT+II+-+III)/pdf
384,GS 3.00°,https://flightaware.com/resources/airport/KDEN/IAP/ILS+RWY+34R+(CAT+II+-+III)/pdf
385,TCH 59,https://flightaware.com/resources/airport/KDEN/IAP/ILS+RWY+34R+(CAT+II+-+III)/pdf
320,(VGSI Angle 3.00/TCH 63).,https://flightaware.com/resources/airport/KDEN/IAP/ILS+RWY+34R+(SA+CAT+I)/pdf
355,GS 3.00°,https://flightaware.com/resources/airport/KDEN/IAP/ILS+RWY+34R+(SA+CAT+I)/pdf
356,TCH 59,https://flightaware.com/resources/airport/KDEN/IAP/ILS+RWY+34R+(SA+CAT+I)/pdf
325,(VGSI Angle 3.00/TCH 71).,https://flightaware.com/resources/airport/KDEN/IAP/ILS+RWY+35L+(CAT+II+-+III)/pdf
343,GS 3.00°,https://flightaware.com/resources/airport/KDEN/IAP/ILS+RWY+35L+(CAT+II+-+III)/pdf
344,TCH 57,https://flightaware.com/resources/airport/KDEN/IAP/ILS+RWY+35L+(CAT+II+-+III)/pdf
327,(VGSI Angle 3.00/TCH 71).,https://flightaware.com/resources/airport/KDEN/IAP/ILS+RWY+35L+(SA+CAT+I)/pdf
343,GS 3.00°,https://flightaware.com/resources/airport/KDEN/IAP/ILS+RWY+35L+(SA+CAT+I)/pdf
344,TCH 57,https://flightaware.com/resources/airport/KDEN/IAP/ILS+RWY+35L+(SA+CAT+I)/pdf
333,(VGSI Angle 3.00/TCH 66).,https://flightaware.com/resources/airport/KDEN/IAP/ILS+RWY+35R+(CAT+II+-+III)/pdf
358,GS 3.00°,https://flightaware.com/resources/airport/KDEN/IAP/ILS+RWY+35R+(CAT+II+-+III)/pdf
359,TCH 59,https://flightaware.com/resources/airport/KDEN/IAP/ILS+RWY+35R+(CAT+II+-+III)/pdf
281,(VGSI Angle 3.00/TCH 66).,https://flightaware.com/resources/airport/KDEN/IAP/ILS+RWY+35R+(SA+CAT+I)/pdf
352,GS 3.00°,https://flightaware.com/resources/airport/KDEN/IAP/ILS+RWY+35R+(SA+CAT+I)/pdf
353,TCH 59,https://flightaware.com/resources/airport/KDEN/IAP/ILS+RWY+35R+(SA+CAT+I)/pdf
85,(VGSI Angle 3.00/TCH 68).,https://flightaware.com/resources/airport/KDEN/IAP/RNAV+(GPS)+Y+RWY+07/pdf
88,GP 3.00°,https://flightaware.com/resources/airport/KDEN/IAP/RNAV+(GPS)+Y+RWY+07/pdf
89,TCH 55,https://flightaware.com/resources/airport/KDEN/IAP/RNAV+(GPS)+Y+RWY+07/pdf
91,(VGSI Angle 3.00/TCH 70).,https://flightaware.com/resources/airport/KDEN/IAP/RNAV+(GPS)+Y+RWY+08/pdf
202,GP 3.00°,https://flightaware.com/resources/airport/KDEN/IAP/RNAV+(GPS)+Y+RWY+08/pdf
203,TCH 52,https://flightaware.com/resources/airport/KDEN/IAP/RNAV+(GPS)+Y+RWY+08/pdf
86,(VGSI Angle 3.00/TCH 71).,https://flightaware.com/resources/airport/KDEN/IAP/RNAV+(GPS)+Y+RWY+16L/pdf
211,GP 3.00°,https://flightaware.com/resources/airport/KDEN/IAP/RNAV+(GPS)+Y+RWY+16L/pdf
212,TCH 60,https://flightaware.com/resources/airport/KDEN/IAP/RNAV+(GPS)+Y+RWY+16L/pdf
104,(VGSI Angle 3.00/TCH 71).,https://flightaware.com/resources/airport/KDEN/IAP/RNAV+(GPS)+Y+RWY+16R/pdf
153,GP 3.00°,https://flightaware.com/resources/airport/KDEN/IAP/RNAV+(GPS)+Y+RWY+16R/pdf
156,TCH 55,https://flightaware.com/resources/airport/KDEN/IAP/RNAV+(GPS)+Y+RWY+16R/pdf
103,(VGSI Angle 3.00/TCH 66).,https://flightaware.com/resources/airport/KDEN/IAP/RNAV+(GPS)+Y+RWY+17L/pdf
245,GP 3.00°,https://flightaware.com/resources/airport/KDEN/IAP/RNAV+(GPS)+Y+RWY+17L/pdf
246,TCH 48,https://flightaware.com/resources/airport/KDEN/IAP/RNAV+(GPS)+Y+RWY+17L/pdf
102,(VGSI Angle 3.00/TCH 69).,https://flightaware.com/resources/airport/KDEN/IAP/RNAV+(GPS)+Y+RWY+17R/pdf
220,GP 3.00°,https://flightaware.com/resources/airport/KDEN/IAP/RNAV+(GPS)+Y+RWY+17R/pdf
221,TCH 60,https://flightaware.com/resources/airport/KDEN/IAP/RNAV+(GPS)+Y+RWY+17R/pdf
183,(VGSI Angle 3.00/TCH 83).,https://flightaware.com/resources/airport/KDEN/IAP/RNAV+(GPS)+Y+RWY+25/pdf
215,GP 3.00°,https://flightaware.com/resources/airport/KDEN/IAP/RNAV+(GPS)+Y+RWY+25/pdf
216,TCH 55,https://flightaware.com/resources/airport/KDEN/IAP/RNAV+(GPS)+Y+RWY+25/pdf
94,(VGSI Angle 3.00/TCH 70).,https://flightaware.com/resources/airport/KDEN/IAP/RNAV+(GPS)+Y+RWY+26/pdf
202,GP 3.00°,https://flightaware.com/resources/airport/KDEN/IAP/RNAV+(GPS)+Y+RWY+26/pdf
203,TCH 55,https://flightaware.com/resources/airport/KDEN/IAP/RNAV+(GPS)+Y+RWY+26/pdf
106,(VGSI Angle 3.00/TCH 70).,https://flightaware.com/resources/airport/KDEN/IAP/RNAV+(GPS)+Y+RWY+34L/pdf
215,GP 3.00°,https://flightaware.com/resources/airport/KDEN/IAP/RNAV+(GPS)+Y+RWY+34L/pdf
216,TCH 50,https://flightaware.com/resources/airport/KDEN/IAP/RNAV+(GPS)+Y+RWY+34L/pdf
97,(VGSI Angle 3.00/TCH 63).,https://flightaware.com/resources/airport/KDEN/IAP/RNAV+(GPS)+Y+RWY+34R/pdf
222,GP 3.00°,https://flightaware.com/resources/airport/KDEN/IAP/RNAV+(GPS)+Y+RWY+34R/pdf
223,TCH 59,https://flightaware.com/resources/airport/KDEN/IAP/RNAV+(GPS)+Y+RWY+34R/pdf
93,(VGSI Angle 3.00/TCH 71).,https://flightaware.com/resources/airport/KDEN/IAP/RNAV+(GPS)+Y+RWY+35L/pdf
251,GP 3.00°,https://flightaware.com/resources/airport/KDEN/IAP/RNAV+(GPS)+Y+RWY+35L/pdf
252,TCH 57,https://flightaware.com/resources/airport/KDEN/IAP/RNAV+(GPS)+Y+RWY+35L/pdf
87,(VGSI Angle 3.00/TCH 66).,https://flightaware.com/resources/airport/KDEN/IAP/RNAV+(GPS)+Y+RWY+35R/pdf
148,GP 3.00°,https://flightaware.com/resources/airport/KDEN/IAP/RNAV+(GPS)+Y+RWY+35R/pdf
149,TCH 59,https://flightaware.com/resources/airport/KDEN/IAP/RNAV+(GPS)+Y+RWY+35R/pdf
212,(VGSI Angle 3.00/TCH 68).,https://flightaware.com/resources/airport/KDEN/IAP/RNAV+(RNP)+Z+RWY+07/pdf
216,GP 3.00°,https://flightaware.com/resources/airport/KDEN/IAP/RNAV+(RNP)+Z+RWY+07/pdf
217,TCH 55,https://flightaware.com/resources/airport/KDEN/IAP/RNAV+(RNP)+Z+RWY+07/pdf
84,(VGSI Angle 3.00/TCH 71).,https://flightaware.com/resources/airport/KDEN/IAP/RNAV+(RNP)+Z+RWY+16L/pdf
90,GP 3.00°,https://flightaware.com/resources/airport/KDEN/IAP/RNAV+(RNP)+Z+RWY+16L/pdf
91,TCH 60,https://flightaware.com/resources/airport/KDEN/IAP/RNAV+(RNP)+Z+RWY+16L/pdf
107,(VGSI Angle 3.00/TCH 71).,https://flightaware.com/resources/airport/KDEN/IAP/RNAV+(RNP)+Z+RWY+16R/pdf
114,GP 3.00°,https://flightaware.com/resources/airport/KDEN/IAP/RNAV+(RNP)+Z+RWY+16R/pdf
115,TCH 55,https://flightaware.com/resources/airport/KDEN/IAP/RNAV+(RNP)+Z+RWY+16R/pdf
100,(VGSI Angle 3.00/TCH 66).,https://flightaware.com/resources/airport/KDEN/IAP/RNAV+(RNP)+Z+RWY+17L/pdf
201,GP 3.00°,https://flightaware.com/resources/airport/KDEN/IAP/RNAV+(RNP)+Z+RWY+17L/pdf
202,TCH 48,https://flightaware.com/resources/airport/KDEN/IAP/RNAV+(RNP)+Z+RWY+17L/pdf
140,(VGSI Angle 3.00/TCH 69).,https://flightaware.com/resources/airport/KDEN/IAP/RNAV+(RNP)+Z+RWY+17R/pdf
157,GP 3.00°,https://flightaware.com/resources/airport/KDEN/IAP/RNAV+(RNP)+Z+RWY+17R/pdf
158,TCH 60,https://flightaware.com/resources/airport/KDEN/IAP/RNAV+(RNP)+Z+RWY+17R/pdf
209,(VGSI Angle 3.00/TCH 70).,https://flightaware.com/resources/airport/KDEN/IAP/RNAV+(RNP)+Z+RWY+26/pdf
214,GP 3.00°,https://flightaware.com/resources/airport/KDEN/IAP/RNAV+(RNP)+Z+RWY+26/pdf
215,TCH 55,https://flightaware.com/resources/airport/KDEN/IAP/RNAV+(RNP)+Z+RWY+26/pdf
110,(VGSI Angle 3.00/TCH 70).,https://flightaware.com/resources/airport/KDEN/IAP/RNAV+(RNP)+Z+RWY+34L/pdf
215,GP 3.00°,https://flightaware.com/resources/airport/KDEN/IAP/RNAV+(RNP)+Z+RWY+34L/pdf
216,TCH 50,https://flightaware.com/resources/airport/KDEN/IAP/RNAV+(RNP)+Z+RWY+34L/pdf
225,(VGSI Angle 3.00/TCH 63).,https://flightaware.com/resources/airport/KDEN/IAP/RNAV+(RNP)+Z+RWY+34R/pdf
232,GP 3.00°,https://flightaware.com/resources/airport/KDEN/IAP/RNAV+(RNP)+Z+RWY+34R/pdf
233,TCH 59,https://flightaware.com/resources/airport/KDEN/IAP/RNAV+(RNP)+Z+RWY+34R/pdf
106,(VGSI Angle 3.00/TCH 71).,https://flightaware.com/resources/airport/KDEN/IAP/RNAV+(RNP)+Z+RWY+35L/pdf
179,GP 3.00°,https://flightaware.com/resources/airport/KDEN/IAP/RNAV+(RNP)+Z+RWY+35L/pdf
180,TCH 57,https://flightaware.com/resources/airport/KDEN/IAP/RNAV+(RNP)+Z+RWY+35L/pdf
200,(VGSI Angle 3.00/TCH 66).,https://flightaware.com/resources/airport/KDEN/IAP/RNAV+(RNP)+Z+RWY+35R/pdf
208,GP 3.00°,https://flightaware.com/resources/airport/KDEN/IAP/RNAV+(RNP)+Z+RWY+35R/pdf
209,TCH 59,https://flightaware.com/resources/airport/KDEN/IAP/RNAV+(RNP)+Z+RWY+35R/pdf
280,(VGSI Angle 3.00/TCH 72).,https://flightaware.com/resources/airport/KMCO/IAP/ILS+OR+LOC+RWY+17L/pdf
299,GS 3.00°,https://flightaware.com/resources/airport/KMCO/IAP/ILS+OR+LOC+RWY+17L/pdf
300,TCH 55,https://flightaware.com/resources/airport/KMCO/IAP/ILS+OR+LOC+RWY+17L/pdf
359,(VGSI Angle 3.00/TCH 71).,https://flightaware.com/resources/airport/KMCO/IAP/ILS+OR+LOC+RWY+17R/pdf
380,GS 3.00°,https://flightaware.com/resources/airport/KMCO/IAP/ILS+OR+LOC+RWY+17R/pdf
381,TCH 53,https://flightaware.com/resources/airport/KMCO/IAP/ILS+OR+LOC+RWY+17R/pdf
202,(VGSI Angle 3.00/TCH 71).,https://flightaware.com/resources/airport/KMCO/IAP/ILS+OR+LOC+RWY+18R/pdf
217,GS 3.00°,https://flightaware.com/resources/airport/KMCO/IAP/ILS+OR+LOC+RWY+18R/pdf
218,TCH 55,https://flightaware.com/resources/airport/KMCO/IAP/ILS+OR+LOC+RWY+18R/pdf
269,(VGSI Angle 3.00/TCH 72).,https://flightaware.com/resources/airport/KMCO/IAP/ILS+OR+LOC+RWY+35L/pdf
310,GS 3.00°,https://flightaware.com/resources/airport/KMCO/IAP/ILS+OR+LOC+RWY+35L/pdf
311,TCH 57,https://flightaware.com/resources/airport/KMCO/IAP/ILS+OR+LOC+RWY+35L/pdf
285,(VGSI Angle 3.00/TCH 73).,https://flightaware.com/resources/airport/KMCO/IAP/ILS+OR+LOC+RWY+35R/pdf
310,GS 3.00°,https://flightaware.com/resources/airport/KMCO/IAP/ILS+OR+LOC+RWY+35R/pdf
311,TCH 55,https://flightaware.com/resources/airport/KMCO/IAP/ILS+OR+LOC+RWY+35R/pdf
254,(VGSI Angle 3.00/TCH 70).,https://flightaware.com/resources/airport/KMCO/IAP/ILS+OR+LOC+RWY+36R/pdf
270,GS 3.00°,https://flightaware.com/resources/airport/KMCO/IAP/ILS+OR+LOC+RWY+36R/pdf
271,TCH 56,https://flightaware.com/resources/airport/KMCO/IAP/ILS+OR+LOC+RWY+36R/pdf
276,(VGSI Angle 3.00/TCH 72).,https://flightaware.com/resources/airport/KMCO/IAP/ILS+RWY+17L+(CAT+II+-+III)/pdf
297,GS 3.00°,https://flightaware.com/resources/airport/KMCO/IAP/ILS+RWY+17L+(CAT+II+-+III)/pdf
298,TCH 55,https://flightaware.com/resources/airport/KMCO/IAP/ILS+RWY+17L+(CAT+II+-+III)/pdf
273,(VGSI Angle 3.00/TCH 72).,https://flightaware.com/resources/airport/KMCO/IAP/ILS+RWY+17L+(SA+CAT+I)/pdf
299,GS 3.00°,https://flightaware.com/resources/airport/KMCO/IAP/ILS+RWY+17L+(SA+CAT+I)/pdf
300,TCH 55,https://flightaware.com/resources/airport/KMCO/IAP/ILS+RWY+17L+(SA+CAT+I)/pdf
244,(VGSI Angle 3.00/TCH 71).,https://flightaware.com/resources/airport/KMCO/IAP/ILS+RWY+17R+(CAT+II)/pdf
276,GS 3.00°,https://flightaware.com/resources/airport/KMCO/IAP/ILS+RWY+17R+(CAT+II)/pdf
277,TCH 53,https://flightaware.com/resources/airport/KMCO/IAP/ILS+RWY+17R+(CAT+II)/pdf
256,(VGSI Angle 3.00/TCH 72).,https://flightaware.com/resources/airport/KMCO/IAP/ILS+RWY+35L+(CAT+II+-+III)/pdf
280,GS 3.00°,https://flightaware.com/resources/airport/KMCO/IAP/ILS+RWY+35L+(CAT+II+-+III)/pdf
281,TCH 57,https://flightaware.com/resources/airport/KMCO/IAP/ILS+RWY+35L+(CAT+II+-+III)/pdf
257,(VGSI Angle 3.00/TCH 72).,https://flightaware.com/resources/airport/KMCO/IAP/ILS+RWY+35L+(SA+CAT+I)/pdf
287,GS 3.00°,https://flightaware.com/resources/airport/KMCO/IAP/ILS+RWY+35L+(SA+CAT+I)/pdf
288,TCH 57,https://flightaware.com/resources/airport/KMCO/IAP/ILS+RWY+35L+(SA+CAT+I)/pdf
203,(VGSI Angle 3.00/TCH 73).,https://flightaware.com/resources/airport/KMCO/IAP/ILS+RWY+35R+(CAT+II+-+III)/pdf
224,GS 3.00°,https://flightaware.com/resources/airport/KMCO/IAP/ILS+RWY+35R+(CAT+II+-+III)/pdf
225,TCH 55,https://flightaware.com/resources/airport/KMCO/IAP/ILS+RWY+35R+(CAT+II+-+III)/pdf
206,(VGSI Angle 3.00/TCH 73).,https://flightaware.com/resources/airport/KMCO/IAP/ILS+RWY+35R+(SA+CAT+I)/pdf
221,GS 3.00°,https://flightaware.com/resources/airport/KMCO/IAP/ILS+RWY+35R+(SA+CAT+I)/pdf
222,TCH 55,https://flightaware.com/resources/airport/KMCO/IAP/ILS+RWY+35R+(SA+CAT+I)/pdf
249,(VGSI Angle 3.00/TCH 70).,https://flightaware.com/resources/airport/KMCO/IAP/ILS+RWY+36R+(CAT+II+-+III)/pdf
268,GS 3.00°,https://flightaware.com/resources/airport/KMCO/IAP/ILS+RWY+36R+(CAT+II+-+III)/pdf
269,TCH 56,https://flightaware.com/resources/airport/KMCO/IAP/ILS+RWY+36R+(CAT+II+-+III)/pdf
185,(VGSI Angle 3.00/TCH 70).,https://flightaware.com/resources/airport/KMCO/IAP/ILS+RWY+36R+(SA+CAT+I)/pdf
205,GS 3.00°,https://flightaware.com/resources/airport/KMCO/IAP/ILS+RWY+36R+(SA+CAT+I)/pdf
206,TCH 56,https://flightaware.com/resources/airport/KMCO/IAP/ILS+RWY+36R+(SA+CAT+I)/pdf
117,(VGSI Angle 3.00/TCH 72).,https://flightaware.com/resources/airport/KMCO/IAP/RNAV+(GPS)+RWY+17L/pdf
211,GP 3.00°,https://flightaware.com/resources/airport/KMCO/IAP/RNAV+(GPS)+RWY+17L/pdf
212,TCH 55,https://flightaware.com/resources/airport/KMCO/IAP/RNAV+(GPS)+RWY+17L/pdf
204,GP 3.00°,https://flightaware.com/resources/airport/KMCO/IAP/RNAV+(GPS)+RWY+17R/pdf
205,TCH 53,https://flightaware.com/resources/airport/KMCO/IAP/RNAV+(GPS)+RWY+17R/pdf
186,(VGSI Angle 3.00/TCH 70).,https://flightaware.com/resources/airport/KMCO/IAP/RNAV+(GPS)+RWY+18L/pdf
205,GP 3.00°,https://flightaware.com/resources/airport/KMCO/IAP/RNAV+(GPS)+RWY+18L/pdf
206,TCH 55,https://flightaware.com/resources/airport/KMCO/IAP/RNAV+(GPS)+RWY+18L/pdf
135,(VGSI Angle 3.00/TCH 71).,https://flightaware.com/resources/airport/KMCO/IAP/RNAV+(GPS)+RWY+18R/pdf
180,GP 3.00°,https://flightaware.com/resources/airport/KMCO/IAP/RNAV+(GPS)+RWY+18R/pdf
181,TCH 55,https://flightaware.com/resources/airport/KMCO/IAP/RNAV+(GPS)+RWY+18R/pdf
231,GP 3.00°,https://flightaware.com/resources/airport/KMCO/IAP/RNAV+(GPS)+RWY+35L/pdf
232,TCH 57,https://flightaware.com/resources/airport/KMCO/IAP/RNAV+(GPS)+RWY+35L/pdf
203,(VGSI Angle 3.00/TCH 73).,https://flightaware.com/resources/airport/KMCO/IAP/RNAV+(GPS)+RWY+35R/pdf
221,GP 3.00°,https://flightaware.com/resources/airport/KMCO/IAP/RNAV+(GPS)+RWY+35R/pdf
222,TCH 55,https://flightaware.com/resources/airport/KMCO/IAP/RNAV+(GPS)+RWY+35R/pdf
116,(VGSI Angle 3.00/TCH 69).,https://flightaware.com/resources/airport/KMCO/IAP/RNAV+(GPS)+RWY+36L/pdf
138,GP 3.00°,https://flightaware.com/resources/airport/KMCO/IAP/RNAV+(GPS)+RWY+36L/pdf
139,TCH 55,https://flightaware.com/resources/airport/KMCO/IAP/RNAV+(GPS)+RWY+36L/pdf
129,(VGSI Angle 3.00/TCH 70).,https://flightaware.com/resources/airport/KMCO/IAP/RNAV+(GPS)+RWY+36R/pdf
142,GP 3.00°,https://flightaware.com/resources/airport/KMCO/IAP/RNAV+(GPS)+RWY+36R/pdf
143,TCH 56,https://flightaware.com/resources/airport/KMCO/IAP/RNAV+(GPS)+RWY+36R/pdf
213,(VGSI Angle 3.00/TCH 70).,https://flightaware.com/resources/airport/KMCO/IAP/VOR_DME+RWY+18L/pdf
221,3.57°,https://flightaware.com/resources/airport/KMCO/IAP/VOR_DME+RWY+18L/pdf
222,TCH 52,https://flightaware.com/resources/airport/KMCO/IAP/VOR_DME+RWY+18L/pdf
150,3.58°,https://flightaware.com/resources/airport/KMCO/IAP/VOR_DME+RWY+18R/pdf
151,TCH 55,https://flightaware.com/resources/airport/KMCO/IAP/VOR_DME+RWY+18R/pdf
